model,term_norm,Stata xtabond2,plm::pgmm,pydynpd,systemgmmkit
Difference GMM,L1_y,0.733183220972359,0.711988928297237,0.7121708579598346,0.7113802428597236
Difference GMM,x_pred,0.2486761463195476,0.316246358912628,0.3165164228385906,0.265652910481588
Difference GMM,x_exog,0.2535230964039004,0.249023851532029,0.255128990660971,0.2509995927449737
System GMM,L1_y,0.929210792468204,0.916724686003887,0.9008371856140148,0.9292107947791666
System GMM,x_pred,0.0558768701385088,0.198238233748844,0.1204363660778187,0.0558768452171638
System GMM,x_exog,0.2423543265525582,0.282099343245239,0.2731091634308979,0.2423543285116905
System GMM,const,0.1294962326408661,,0.1454472781383439,0.1294962306498237
