model,term_norm,Stata xtabond2,plm::pgmm,pydynpd,systemgmmkit
Difference GMM,L1_y,0.3111350374421719,0.226993127200633,0.2104743675317692,0.2649486704351936
Difference GMM,x_pred,0.2546396861718789,0.165331489112228,0.1556921429778363,0.2231645590310391
Difference GMM,x_exog,0.0519268014604792,0.0288339551039319,0.0412421263289765,0.0447060622863673
System GMM,L1_y,0.0422930627627494,0.0277509868000896,0.026845739305997,0.0422932373139422
System GMM,x_pred,0.1379059953120166,0.0929676486782417,0.1001450249908532,0.1379065668473367
System GMM,x_exog,0.0196909117074162,0.027736701546502,0.0201395301019276,0.0196909929503262
System GMM,const,0.0350864364304821,,0.0339086911495406,0.0350865806550682
