param,native_coef,native_std_err,native_z,native_p_value,covariance_type
L1.y,0.6177402867458579,0.06548914492458886,9.432712664933852,3.996177784006882e-21,robust-clustered-two-step-windmeijer
x,1.8412953855362266,0.6198131344473957,2.970726632274198,0.0029709610653851862,robust-clustered-two-step-windmeijer
w,-0.40252326088075796,0.03888742784035481,-10.350987021647285,4.141934594357684e-25,robust-clustered-two-step-windmeijer
_con,0.07826098109504953,0.08115149757359202,0.96438123059995,0.334854828840747,robust-clustered-two-step-windmeijer
