param,native_coef,native_std_err,native_z,native_p_value,covariance_type
L1.y,0.6188233482099921,0.0655338321587001,9.44280729244427,3.62923124873652e-21,robust-clustered-two-step-windmeijer
x,1.8610823726608974,0.6310402812560851,2.94922911887085,0.003185677045823523,robust-clustered-two-step-windmeijer
w,-0.4146020212994411,0.04423413332291576,-9.372898034935705,7.056778701357767e-21,robust-clustered-two-step-windmeijer
_con,0.0773725060511612,0.08120610906713518,0.952791691905782,0.34069562459031855,robust-clustered-two-step-windmeijer
