param,native_coef,native_std_err,native_z,native_p_value,covariance_type
L1.y,0.6177402867458608,0.0654891449245904,9.432712664933675,3.996177784013655e-21,robust-clustered-two-step-windmeijer
x,1.8412953855362861,0.6198131344474577,2.970726632273997,0.0029709610653871244,robust-clustered-two-step-windmeijer
w,-0.4025232608807595,0.03888742784035563,-10.350987021647107,4.141934594365346e-25,robust-clustered-two-step-windmeijer
_con,0.0782609810950477,0.08115149757359226,0.9643812305999246,0.33485482884075957,robust-clustered-two-step-windmeijer
