model,term_norm,term_sgk_raw,sgk_coefficient,sgk_std_error,sgk_stat,sgk_p_value,term_stata_raw,stata_coefficient,stata_std_error,stata_stat,stata_p_value,_merge,coef_diff,abs_coef_diff,se_diff,abs_se_diff,p_diff,abs_p_diff
Difference GMM,L1_y,L1_y,0.7113802428597236,0.2649486704351936,2.6849738165933803,0.0072535488425632,l1_y,0.8094801646109133,0.2959335445479397,2.735344402566644,0.0062315039405144,both,-0.0980999217511897,0.0980999217511897,-0.030984874112746,0.030984874112746,0.0010220449020488,0.0010220449020488
Difference GMM,x_exog,x_exog,0.2509995927449737,0.0447060622863673,5.614441977402993,1.9719758388715976e-08,x_exog,0.2701062246720184,0.0528291762083769,5.112822952351633,3.17379736449e-07,both,-0.0191066319270447,0.0191066319270447,-0.0081231139220095,0.0081231139220095,-2.976599780602841e-07,2.976599780602841e-07
Difference GMM,x_pred,x_pred,0.265652910481588,0.2231645590310391,1.190390228784667,0.2338930517454893,x_pred,0.2373173525694313,0.2148342740528588,1.104653126768035,0.2693099212771276,both,0.0283355579121567,0.0283355579121567,0.0083302849781803,0.0083302849781803,-0.0354168695316383,0.0354168695316383
System GMM,L1_y,L1_y,0.9292107947791666,0.0422932373139422,21.970670816273667,5.495096260295658e-107,l1_y,0.8094801646109133,0.2959335445479397,2.735344402566644,0.0062315039405144,both,0.1197306301682532,0.1197306301682532,-0.2536403072339975,0.2536403072339975,-0.0062315039405144,0.0062315039405144
System GMM,const,const,0.1294962306498237,0.0350865806550682,3.6907623436687897,0.0002235829607283,,,,,,left_only,,,,,,
System GMM,x_exog,x_exog,0.2423543285116905,0.0196909929503262,12.30787747083499,8.215541560247814e-35,x_exog,0.2701062246720184,0.0528291762083769,5.112822952351633,3.17379736449e-07,both,-0.0277518961603278,0.0277518961603278,-0.0331381832580506,0.0331381832580506,-3.17379736449e-07,3.17379736449e-07
System GMM,x_pred,x_pred,0.0558768452171638,0.1379065668473367,0.4051790026722933,0.685345938103463,x_pred,0.2373173525694313,0.2148342740528588,1.104653126768035,0.2693099212771276,both,-0.1814405073522675,0.1814405073522675,-0.076927707205522,0.076927707205522,0.4160360168263354,0.4160360168263354
