spec,status,term_norm,term_stata,term_native,stata_coef,native_coef,coef_abs_diff,stata_std_err,native_std_err,se_abs_diff
fod_diff_predet_x_onestep,COMPARED,L1.y,L.y,L1.y,0.4730914836802321,0.4730914867459001,3.065667997237398e-09,0.016371395556011,0.0164716516107384,0.00010025605472739965
fod_diff_predet_x_onestep,COMPARED,x,x,x,0.8070770932060825,0.8070770978990662,4.692983779364113e-09,0.0135422548849941,0.0136251855123835,8.293062738939927e-05
fod_diff_predet_x_onestep,COMPARED,w,w,w,-0.3417782631112299,-0.3417782648460739,1.7348439906861302e-09,0.0140246547344877,0.0141105401326467,8.588539815899965e-05
