spec,status,term_norm,term_stata,term_native,stata_coef,native_coef,coef_abs_diff,stata_std_err,native_std_err,se_abs_diff
fod_diff_predet_x_twostep,COMPARED,L1.y,L.y,L1.y,0.4757914353906046,0.4757914382089328,2.8183282374527607e-09,0.0185985210729674,0.0180995645509554,0.0004989565220119979
fod_diff_predet_x_twostep,COMPARED,x,x,x,0.8000003318473754,0.8000003363547514,4.507376027973464e-09,0.0151709979793193,0.0147394326505982,0.000431565328721099
fod_diff_predet_x_twostep,COMPARED,w,w,w,-0.3376420593752961,-0.3376420609366014,1.5613052517515769e-09,0.0150704107428611,0.0148760622447126,0.00019434849814850032
