spec,stata_N,stata_N_g,stata_N_clust,stata_rank,stata_zrank,stata_steps,stata_chi2_J,stata_df_J,stata_p_J,stata_chi2_J_u,stata_p_J_u,stata_ar1_z,stata_ar1_p,stata_ar2_z,stata_ar2_p
fod_diff_endog_x_onestep,1248.0,96.0,96.0,3.0,5.0,1.0,9.077070104207634,2.0,0.0106890539965446,9.36190073762022,0.0092701995907575,-3.701708752660295,0.0002141523582349,1.392848339082235,0.1636656572725258
fod_diff_endog_x_twostep,1248.0,96.0,96.0,3.0,5.0,2.0,9.125329349119523,2.0,0.0104342180710234,7.158158479743374,0.0279013769068744,-1.719696566991883,0.0854876121963456,0.843951860229936,0.3986963067698245
fod_diff_predet_x_onestep,1248.0,96.0,96.0,3.0,5.0,1.0,9.012588209482166,2.0,0.0110392949351641,9.814735843837235,0.0073919188564222,-7.372446775101257,1.6752448613600001e-13,1.65225335042355,0.0984829147508442
fod_diff_predet_x_twostep,1248.0,96.0,96.0,3.0,5.0,2.0,9.28671138428686,2.0,0.0096253436827851,9.297059993493,0.0095756678524326,-7.316420394604412,2.54672983572e-13,1.678728723745238,0.0932049252599807
