model,param,coef,std_err,z,p_value
m_base,L.y,.60314494,.023151936,26.0516,0
m_base,x,1.2432189,.18355867,6.7728691,1.2625317e-11
m_base,w,-.39171609,.029394023,-13.326385,0
m_base,_cons,.07195732,.09098573,.79086381,.42902347
