"model","package","term","coefficient","std_error","statistic","p_value","term_norm"
"System GMM","plm","lag(y, 1)",0.916724686003887,0.0277509868000896,0.916724686003887,2.64507263646367e-239,"L1_y"
"System GMM","plm","x_pred",0.198238233748844,0.0929676486782417,0.198238233748844,0.0329792614105778,"x_pred"
"System GMM","plm","x_exog",0.282099343245239,0.027736701546502,0.282099343245239,2.68206786763093e-24,"x_exog"
