param,native_coef,native_std_err,native_z,native_p_value,covariance_type
L1.y,0.5612121852226207,0.0415619763217692,13.503019704302915,1.500956057872309e-41,robust-clustered-two-step-windmeijer
x,1.5401643611400329,0.442376108425591,3.481572200229012,0.0004984793761383381,robust-clustered-two-step-windmeijer
_con,0.0651229910819284,0.08936634269118954,0.7287194386701555,0.46617329964783505,robust-clustered-two-step-windmeijer
