param,native_coef,native_std_err,native_z,native_p_value,covariance_type
L1.y,0.6178050442319769,0.06761769317009816,9.1367364851953,6.436537217095665e-20,robust-clustered-two-step-windmeijer
x,1.5280483616707352,0.6874174011558136,2.222882864328859,0.02622369953386146,robust-clustered-two-step-windmeijer
_con,0.08958837126122807,0.08296776901040268,1.0797972794712039,0.28023246292974,robust-clustered-two-step-windmeijer
