param,native_coef,native_std_err,native_z,native_p_value,covariance_type
L1.y,0.5612121852226216,0.04156197632176934,13.503019704302892,1.5009560578727806e-41,robust-clustered-two-step-windmeijer
x,1.5401643611400364,0.4423761084255926,3.4815722002290075,0.0004984793761383461,robust-clustered-two-step-windmeijer
_con,0.06512299108192786,0.08936634269118948,0.72871943867015,0.4661732996478385,robust-clustered-two-step-windmeijer
