param,native_coef,native_std_err,native_z,native_p_value,covariance_type,stata_coef,stata_std_err,coef_abs_diff,se_abs_diff,se_rel_diff
L1.y,0.6178050442319769,0.0676176931700981,9.1367364851953,6.436537217095665e-20,robust-clustered-two-step-windmeijer,0.617805054510262,0.067617660739039,1.0278285111908758e-08,3.243105908823374e-08,4.796240913065141e-07
_con,0.089588371261228,0.0829677690104026,1.079797279471204,0.28023246292974,robust-clustered-two-step-windmeijer,0.0895883667040414,0.0829677235250712,4.557186600306906e-09,4.548533140413813e-08,5.482292326653191e-07
x,1.5280483616707352,0.6874174011558136,2.222882864328859,0.0262236995338614,robust-clustered-two-step-windmeijer,1.528048512953117,0.6874171026757686,1.5128238173289787e-07,2.984800450134273e-07,4.342051483031114e-07
