param,native_coef,native_std_err,native_z,native_p_value,covariance_type,stata_coef,stata_std_err,coef_abs_diff,se_abs_diff,se_rel_diff
L1.y,0.6178050442319769,0.0675915909907159,9.14026486396563,6.229955819467713e-20,robust-clustered-two-step-windmeijer,0.617805054510262,0.067617660739039,1.0278285111908758e-08,2.6069748323101494e-05,0.00038554643917236466
_con,0.089588371261228,0.082935741304515,1.080214270133386,0.280046775227854,robust-clustered-two-step-windmeijer,0.0895883667040414,0.0829677235250712,4.557186600306906e-09,3.198222055619815e-05,0.00038547786051444156
x,1.5280483616707352,0.6871520402498997,2.223741286011496,0.026165855753944,robust-clustered-two-step-windmeijer,1.528048512953117,0.6874171026757686,1.5128238173289787e-07,0.0002650624258688783,0.0003855918405828481
