param,native_coef,native_std_err,native_z,native_p_value,covariance_type
L1.y,0.6188233482099921,0.05579204892863663,11.09160462992722,1.3779357370470515e-28,robust-clustered-two-step-uncorrected
x,1.8610823726608974,0.6106420242969718,3.047746959118232,0.0023056398665217857,robust-clustered-two-step-uncorrected
w,-0.4146020212994411,0.04253739366606235,-9.746765976172712,1.9043845758776896e-22,robust-clustered-two-step-uncorrected
_con,0.0773725060511612,0.07681554460264581,1.0072506346390755,0.31381434593091984,robust-clustered-two-step-uncorrected
