param,native_coef,native_std_err,native_z,native_p_value,covariance_type
L1.y,0.6177402867458579,0.05537931187032471,11.154712218027347,6.791219963620843e-29,robust-clustered-two-step-uncorrected
x,1.8412953855362266,0.5964954883932475,3.0868555108372058,0.0020228589649304413,robust-clustered-two-step-uncorrected
w,-0.40252326088075796,0.03686866462136625,-10.91776078723194,9.480430219769505e-28,robust-clustered-two-step-uncorrected
_con,0.07826098109504953,0.07662445681789616,1.0213577276122516,0.3070849854168266,robust-clustered-two-step-uncorrected
