model_checked,model,term,coef,std_err,z,p_value
difference_gmm,difference_gmm,x_pred,0.265652910481586,0.2231645590310384,1.1903902287846622,0.2338930517454914
difference_gmm,difference_gmm,x_exog,0.2509995927449741,0.0447060622863672,5.614441977403014,1.9719758388713557e-08
difference_gmm,difference_gmm,L1_y,0.7113802428597247,0.264948670435193,2.684973816593391,0.007253548842563
system_gmm,system_gmm,x_pred,0.0558768452171696,0.1379065668473365,0.4051790026723357,0.6853459381034319
system_gmm,system_gmm,x_exog,0.2423543285116902,0.0196909929503262,12.307877470834931,8.215541560253457e-35
system_gmm,system_gmm,L1_y,0.9292107947791656,0.0422932373139422,21.97067081627361,5.495096260302545e-107
system_gmm,system_gmm,_con,0.1294962306498233,0.0350865806550676,3.69076234366884,0.0002235829607283
