model_clean,term_norm,term_sgk_raw,sgk_coefficient,sgk_std_error,sgk_p_value,term_stata_raw,stata_coefficient,stata_std_error,stata_p_value,_merge,abs_coef_diff,abs_se_diff,abs_p_diff
Difference GMM,L1_y,L1_y,0.7113802428597236,0.2649486704351936,0.0072535488425632,l1_y,0.7223067674825752,0.3049232256719818,0.0178451681250636,both,0.010926524622851597,0.03997455523678822,0.0105916192825004
Difference GMM,x_exog,x_exog,0.2509995927449737,0.0447060622863673,1.9719758388715976e-08,x_exog,0.2576747551359756,0.0547840342016704,2.55783699536e-06,both,0.00667516239100191,0.010077971915303095,2.538117236971284e-06
Difference GMM,x_pred,x_pred,0.265652910481588,0.2231645590310391,0.2338930517454893,x_pred,0.2571764295855787,0.2490944372503356,0.3018634686054683,both,0.00847648089600933,0.025929878219296487,0.06797041685997901
System GMM,L1_y,L1_y,0.9292107947791666,0.0422932373139422,5.495096260295658e-107,l1_y,0.9288159506867744,0.0421415621742433,1.181474222e-107,both,0.0003948440923922103,0.00015167513969890217,4.313622038295658e-107
System GMM,const,const,0.1294962306498237,0.0350865806550682,0.0002235829607283,const,0.1299016133317665,0.0363212009554335,0.0003482679118498,both,0.0004053826819427897,0.0012346203003653008,0.00012468495112150001
System GMM,x_exog,x_exog,0.2423543285116905,0.0196909929503262,8.215541560247815e-35,x_exog,0.2340863512395059,0.0193349779756542,9.711277393570001e-34,both,0.00826797727218459,0.0003560149746720011,8.88972323754522e-34
System GMM,x_pred,x_pred,0.0558768452171638,0.1379065668473367,0.685345938103463,x_pred,0.0571006094722246,0.1381075678228567,0.6792767595608228,both,0.001223764255060801,0.00020100097552000484,0.006069178542640219
