param,native_coef
L1.y,0.5624305823998802
x,2.31154108212319
w,-0.4351623371066245
