diagnostic,source,p_value,implied_stat_df1,implied_abs_z
hansen_p,xtabond2,0.15998019,1.9744133307098146,
sargan_p,xtabond2,0.08791548,2.9121339263065606,
hansen_p,native,5.913957508132905e-31,133.84272360983462,
ar1_p,native,1.645923021644292e-58,,16.127091090660887
ar1_p,xtabond2,0.079850145,,1.7515562268873992
ar2_p,native,0.9805154194495336,,0.0244227279489786
ar2_p,xtabond2,0.86768544,,0.16659917866150217
