param,native_se,stata_se,diff,abs_diff,rel_diff,native_coef
L1.y,0.0654512205058567,0.06548911201949832,-3.789151364162746e-05,3.789151364162746e-05,0.0005785925701717543,0.6177402867458608
x,0.6194542039273768,0.6198128483102185,-0.00035864438284172184,0.00035864438284172184,0.0005786333468554027,1.841295385536286
w,0.0388649083358088,0.03888740818499608,-2.2499849187278265e-05,2.2499849187278265e-05,0.0005785895804688618,-0.4025232608807595
_con,0.0811045031689716,0.08115145106227799,-4.694789330639271e-05,4.694789330639271e-05,0.0005785219203334212,0.0782609810950477
