row_id,native_Ze_at_stata_b,stata_Ze,diff,abs_diff,native_scaled_to_stata,scaled_diff,abs_scaled_diff
1,40.636790717780364,-10.48920769645072,51.125998414231084,51.125998414231084,12.870219885091496,23.359427581542214,23.359427581542214
2,-11.405530673770528,-32.38777562163545,20.98224494786492,20.98224494786492,-3.612285445891639,28.77549017574381,28.77549017574381
3,68.58108843960102,40.63679497167301,27.944293467928006,27.944293467928006,21.720555993374056,-18.916238978298956,18.916238978298956
4,6.393383435056215,68.58108616567515,-62.18770273061893,62.18770273061893,2.0248707923402063,-66.55621537333494,66.55621537333494
5,-10.489206787673032,-11.40552750780587,0.9163207201328376,0.9163207201328376,-3.322073308276248,8.083454199529621,8.083454199529621
6,19.850322064832525,6.393391375390885,13.456930689441641,13.456930689441641,6.286864815151245,-0.10652656023964013,0.10652656023964013
7,-75.43409448143127,19.85032359679903,-95.2844180782303,95.2844180782303,-23.890995466430788,-43.74131906322982,43.74131906322982
8,-32.38777177790347,-75.43409332789572,43.04632154999226,43.04632154999226,-10.257644292451316,65.1764490354444,65.1764490354444
