param,native_se,stata_se,diff,abs_diff,rel_diff,native_coef
L1.y,0.0654891449245904,0.06548911201949832,3.29050920816476e-08,3.29050920816476e-08,5.024513398784617e-07,0.6177402867458608
x,0.6198131344474577,0.6198128483102185,2.861372391249617e-07,2.861372391249617e-07,4.6165102886306895e-07,1.841295385536286
w,0.0388874278403556,0.03888740818499608,1.9655359520531768e-08,1.9655359520531768e-08,5.054427753844339e-07,-0.4025232608807595
_con,0.0811514975735922,0.08115145106227799,4.6511314216735045e-08,4.6511314216735045e-08,5.731421140090385e-07,0.0782609810950477
