rows,cols,native_a2_norm_reordered,stata_a2_norm,max_abs_diff,mean_abs_diff,rmse
8,8,1.020702558751772,0.010632316836412626,0.4849155499590291,0.0654109580549482,0.12625878023941994
