stata_order_index,native_original_index,native_Ze_reordered,stata_Ze,diff,abs_diff
1,5,-10.489206787673032,-10.48920769645072,9.087776877692022e-07,9.087776877692022e-07
2,8,-32.38777177790347,-32.38777562163545,3.843731981589826e-06,3.843731981589826e-06
3,1,40.63679071778037,40.63679497167301,-4.253892640804224e-06,4.253892640804224e-06
4,3,68.58108843960102,68.58108616567515,2.2739258724868705e-06,2.2739258724868705e-06
5,2,-11.405530673770528,-11.40552750780587,-3.1659646584358825e-06,3.1659646584358825e-06
6,4,6.393383435056215,6.393391375390885,-7.94033466977595e-06,7.94033466977595e-06
7,6,19.850322064832525,19.85032359679903,-1.5319665038759922e-06,1.5319665038759922e-06
8,7,-75.43409448143127,-75.43409332789572,-1.1535355497471755e-06,1.1535355497471755e-06
