spec,native_path,stata_path,native_nobs,stata_nobs,native_n_instruments,stata_n_instruments,native_hansen_p,stata_hansen_p,native_ar1,stata_ar1,native_ar1_p,stata_ar1_p,native_ar2,stata_ar2,native_ar2_p,stata_ar2_p,same_nobs,same_instrument_count,abs_hansen_p_diff,abs_ar1_diff,abs_ar1_p_diff,abs_ar2_diff,abs_ar2_p_diff,ar_status
system_gmm_baseline_controls,artifacts\parity\xtabond2\specs\system_gmm_baseline_controls\windmeijer\native_diagnostics.csv,artifacts\parity\xtabond2\xtabond2_system_gmm_diagnostics.csv,1248.0,1248.0,8.0,8.0,0.1599801723460966,0.15998019,-1.7479116128163692,-1.7515563,0.0804793336630968,0.079850145,-0.1667047167613188,-0.16659921,0.8676023940362622,0.86768544,True,True,1.7653903394698744e-08,0.003644687183630868,0.0006291886630968024,0.000105506761318791,8.30459637378711e-05,PASS_AR_PARITY
system_gmm_no_controls,artifacts\parity\xtabond2\specs\system_gmm_no_controls\native_diagnostics.csv,artifacts\parity\xtabond2\specs\system_gmm_no_controls\stata_diagnostics.csv,1248.0,1248.0,7.0,7.0,0.0235612067916273,0.023561213,-1.4842328920159071,-1.4890208,0.1377471465806261,0.13648188,-0.1014045751107279,-0.099882737,0.9192293047842736,0.9204374,True,True,6.2083727013495515e-09,0.004787907984092898,0.0012652665806260899,0.0015218381107278967,0.0012080952157264013,PASS_AR_PARITY
system_gmm_three_way_controls,artifacts\parity\xtabond2\specs\system_gmm_three_way_controls\native_diagnostics.csv,artifacts\parity\xtabond2\specs\system_gmm_three_way_controls\stata_diagnostics.csv,1248.0,1248.0,16.0,16.0,0.0214363321379252,0.021436349,-7.162295023319142,-7.2195606,7.933744650336225e-13,5.2155811e-13,-0.0120135674141526,-0.012780492,0.9904147906061432,0.9898029,True,True,1.6862074798951188e-08,0.05726557668085874,2.718163550336226e-13,0.0007669245858473988,0.000611890606143195,PASS_AR_PARITY
system_gmm_decomposition_controls,artifacts\parity\xtabond2\specs\system_gmm_decomposition_controls\native_diagnostics.csv,artifacts\parity\xtabond2\specs\system_gmm_decomposition_controls\stata_diagnostics.csv,1248.0,1248.0,12.0,12.0,0.0063964056392894,0.0063964091,-1.8602874277968728,-1.8492368,0.062844871319456,0.064423621,-1.3406397732581197,-1.4314562,0.1800374373204115,0.15229951,True,True,3.460710600033945e-09,0.011050627796872936,0.0015787496805440004,0.09081642674188029,0.0277379273204115,PASS_AR_PARITY
