param,native_coef
L1.y,0.5621913102436923
x,2.317085678038796
w,-0.4319084713468153
_con,0.048934456144698824
