param,native_coef
L1.y,0.6177402867458608
x,1.8412953855362861
w,-0.4025232608807595
_con,0.0782609810950477
