param,native_coef,native_std_err,native_z,native_p_value,covariance_type
L1.y,0.6177402867458608,0.06545122050585671,9.438178264232432,3.79316613029431e-21,robust-clustered-two-step-windmeijer
x,1.8412953855362861,0.6194542039273768,2.9724479612251606,0.002954352874502381,robust-clustered-two-step-windmeijer
w,-0.4025232608807595,0.03886490833580885,-10.356984696909418,3.890330826140795e-25,robust-clustered-two-step-windmeijer
_con,0.0782609810950477,0.0811045031689716,0.9649400222821197,0.33457485383711083,robust-clustered-two-step-windmeijer
