n,max_abs_diff,mean_abs_diff,rmse
8,7.94033466977595e-06,3.1340161955606405e-06,3.8015836572601e-06
