n_rows,max_abs_diff,mean_abs_diff,rmse,corr,best_scalar_alpha_stata_over_native,max_abs_diff_after_best_scalar,mean_abs_diff_after_best_scalar,u_at_stata_b_norm,ze_at_stata_b_norm,stata_ze_norm
8,95.2844180782303,39.368028824804995,48.49787492763544,0.31650869474413146,0.3167134918324201,66.55621537333494,31.839390120920427,71.04676015785049,117.34140381460516,117.3414047434229
