instrument_index,instrument_name,native_original_Ze_at_stata_b,native_after_iv_scope_patch_Ze_at_stata_b
1,D:y:L2,103.60414069376822,103.60414069376822
2,D:y:L3,40.63679071778034,40.63679071778034
3,D:x:L2,68.58108843960102,68.58108843960102
4,D:x:L3,6.393383435056238,6.393383435056238
5,IV:w,-60.35486886146403,-10.489206787673114
6,L:diff:y:L1,-82.41503203965344,-82.41503203965344
7,L:diff:x:L1,-75.43409448143132,-75.43409448143132
8,L:constant,-32.38777177790345,-32.38777177790345
