param,native_coef,native_std_err,stata_coef,stata_std_err,_merge,coef_abs_diff,se_abs_diff,coef_rel_diff,se_rel_diff
L1.y,0.6177402867458579,0.0654891449245888,0.6177402971652279,0.0654891120194985,both,1.0419370033432074e-08,3.2905090291412975e-08,1.6866910061146924e-08,5.024513125420898e-07
_con,0.0782609810950495,0.081151497573592,0.0782609756604648,0.0811514510622778,both,5.43458469892677e-09,4.651131420285726e-08,6.944182145779414e-08,5.731421138380289e-07
w,-0.4025232608807579,0.0388874278403548,-0.4025232692599282,0.0388874081849961,both,8.37917030205304e-09,1.9655358701742287e-08,2.0816610968749277e-08,5.054427543290452e-07
x,1.8412953855362264,0.6198131344473957,1.841295542935252,0.6198128483102185,both,1.573990255909763e-07,2.861371771745169e-07,8.548276032866665e-08,4.61650928912826e-07
