metric,native,stata,abs_diff
nobs,1248.0,1248.0,0.0
n_instruments,8.0,8.0,0.0
native_j_vs_stata_sargan,,8.1019144,
hansen_p,,0.15998019,
ar1_p,1.155470985582165e-55,0.079850145,0.079850145
ar2_p,0.8278222835065351,0.86768544,0.039863156493464946
