param,native_coef,parm,estimate,stderr,abs_coef_diff
L1.y,0.5624305823998802,L1.y,0.61774027,0.065489113,0.05530968760011978
_con,0.0489370918930774,,,,
w,-0.4351623371066245,w,-0.40252328,0.038887408,0.032639057106624514
x,2.31154108212319,x,1.8412956,0.61981285,0.47024548212319006
