n,best_total_abs_diff,best_mean_abs_diff,best_max_abs_diff
8,154.7633258077659,19.34541572597074,62.96734572209519
