n,best_total_abs_diff,best_mean_abs_diff,best_max_abs_diff
8,2.5072129564485124e-05,3.1340161955606405e-06,7.94033466977595e-06
