native_index,native_instrument,native_value,closest_stata_index,closest_stata_name,closest_stata_value,abs_diff
1,D:y:L2,40.63679071778037,3,r3,40.63679497167301,4.253892640804224e-06
2,D:y:L3,-11.405530673770528,5,r5,-11.40552750780587,3.1659646584358825e-06
3,D:x:L2,68.58108843960102,4,r4,68.58108616567515,2.2739258724868705e-06
4,D:x:L3,6.393383435056215,6,r6,6.393391375390885,7.94033466977595e-06
5,IV:w,-10.489206787673032,1,r1,-10.48920769645072,9.087776877692022e-07
6,L:diff:y:L1,19.850322064832525,7,r7,19.85032359679903,1.5319665038759922e-06
7,L:diff:x:L1,-75.43409448143127,8,r8,-75.43409332789572,1.1535355497471755e-06
8,L:constant,-32.38777177790347,2,r2,-32.38777562163545,3.843731981589826e-06
