native_index,native_instrument,native_value,closest_stata_index,closest_stata_name,closest_stata_value,abs_diff
1,D:y:L2,103.6041406937682,4,r4,68.58108616567515,35.023054528093056
2,D:y:L3,40.63679071778037,3,r3,40.63679497167301,4.253892640804224e-06
3,D:x:L2,68.58108843960102,4,r4,68.58108616567515,2.2739258724868705e-06
4,D:x:L3,6.393383435056215,6,r6,6.393391375390885,7.94033466977595e-06
5,IV:w,-10.489206787673032,1,r1,-10.48920769645072,9.087776877692022e-07
6,L:diff:y:L1,-82.41503203965347,8,r8,-75.43409332789572,6.980938711757744
7,L:diff:x:L1,-75.43409448143127,8,r8,-75.43409332789572,1.1535355497471755e-06
8,L:constant,-32.38777177790347,2,r2,-32.38777562163545,3.843731981589826e-06
