,count,mean,std,min,25%,50%,75%,max
y,1200.0,0.6106012473741165,1.8831479070890975,-4.340069643445637,-0.6893161517445061,0.47252444126556864,1.757685547804617,7.24822281222621
L1_y,1080.0,0.5641499166967063,1.8403552418531581,-4.340069643445637,-0.7048414902699762,0.42797866347438485,1.7236025638476022,7.24822281222621
x_pred,1200.0,-0.031325612423790866,0.8875756076577273,-2.8941291158558897,-0.620294163525555,-0.045281203458772,0.5633009754207113,3.03839223791986
x_exog,1200.0,0.0134163211213994,1.0086138841697785,-3.2208114365505454,-0.6720656249066458,0.04866227903820375,0.6814925826729409,2.8766102417429726
alpha_true,1200.0,0.15368860119576097,0.8380713793577823,-1.6811812802118895,-0.48994223638948964,0.17619258488169726,0.7142952470696942,2.367967740442506
eps_true,1200.0,0.011283225496240407,0.49960948570507163,-1.5180844472960169,-0.32690209193095576,0.00685454711945365,0.3387044811746972,1.5638180426640826
