"model","software","language","term","coefficient","std_error","statistic","p_value","term_norm"
"Random Effects","R plm","R","(Intercept)",0.114799704676456,0.0202169748620361,5.67838192706219,1.35974842548731e-08,"const"
"Random Effects","R plm","R","L1_y",0.967551611584065,0.0106426024014392,90.9130657228373,0,"L1_y"
"Random Effects","R plm","R","x_pred",0.23614395314742,0.0218819207525132,10.7917378834442,3.76599646782365e-27,"x_pred"
"Random Effects","R plm","R","x_exog",0.231979107826893,0.0190864652916757,12.1541157192719,5.45488184807189e-34,"x_exog"
