model,term,coefficient,std_error,z_value,p_value
Difference GMM,x_pred,.2373173525694313,.2148342740528588,1.104653126768035,.2693099212771276
Difference GMM,x_exog,.2701062246720184,.0528291762083769,5.112822952351633,3.17379736449e-07
Difference GMM,l1_y,.8094801646109133,.2959335445479397,2.735344402566644,.0062315039405144
System GMM,x_pred,.2373173525694313,.2148342740528588,1.104653126768035,.2693099212771276
System GMM,x_exog,.2701062246720184,.0528291762083769,5.112822952351633,3.17379736449e-07
System GMM,l1_y,.8094801646109133,.2959335445479397,2.735344402566644,.0062315039405144
