param,native_coef,native_std_err,native_z,native_p_value,covariance_type,stata_coef,stata_std_err,abs_coef_diff,abs_se_diff,rel_se_diff
L1.y,0.6177402867458608,0.0654891449245904,9.432712664933677,3.996177784013655e-21,robust-clustered-two-step-windmeijer,0.61774027,0.065489113,1.6745860809130875e-08,3.192459040179951e-08,4.874793525116077e-07
_con,0.0782609810950477,0.0811514975735922,0.9643812305999246,0.3348548288407595,robust-clustered-two-step-windmeijer,,,,,
w,-0.4025232608807595,0.0388874278403556,-10.350987021647107,4.141934594365346e-25,robust-clustered-two-step-windmeijer,-0.40252328,0.038887408,1.9119240468601362e-08,1.9840355601485893e-08,5.102000010256763e-07
x,1.841295385536286,0.6198131344474577,2.970726632273997,0.0029709610653871,robust-clustered-two-step-windmeijer,1.8412956,0.61981285,2.1446371412103815e-07,2.844474576990663e-07,4.589247507518864e-07
