software,term,coefficient,std_error,p_value,term_norm
systemgmmkit,const,0.06139150833219169,0.033584549889365406,0.06755423888430356,const
systemgmmkit,L1_y,1.0229562365048053,0.021453315633379634,0.0,L1_y
systemgmmkit,x_exog,0.24958698571235302,0.028980240952974454,7.159931207433567e-18,x_exog
systemgmmkit,x_pred,-0.5080345721786573,0.18237328606472536,0.005341470989132118,x_pred
