benchmark,backend,size_label,n_rows,n_entities,n_periods,repetitions,mean_seconds,median_seconds,min_seconds,max_seconds,mean_peak_memory_mb,max_peak_memory_mb,status
Difference GMM,native,small,600,60,10,1,0.775118100020336,0.775118100020336,0.775118100020336,0.775118100020336,0.7519245147705078,0.7519245147705078,OK
Difference GMM,native,tiny,300,30,10,1,0.4577243000094313,0.4577243000094313,0.4577243000094313,0.4577243000094313,0.42592906951904297,0.42592906951904297,OK
System GMM,native,small,600,60,10,1,1.518540099990787,1.518540099990787,1.518540099990787,1.518540099990787,1.5301637649536133,1.5301637649536133,OK
System GMM,native,tiny,300,30,10,1,0.6986564999970142,0.6986564999970142,0.6986564999970142,0.6986564999970142,0.8176307678222656,0.8176307678222656,OK
