benchmark,backend,size_label,n_entities,n_periods,n_rows_raw,repetitions,mean_seconds,median_seconds,min_seconds,max_seconds,mean_peak_memory_mb,max_peak_memory_mb
Fixed Effects,linearmodels,small,120,10,1200,3,0.5724367999937385,0.15407209997647442,0.10546200000680983,1.4577762999979313,4.88165823618571,13.472140312194824
Fixed Effects,linearmodels,medium,300,12,3600,3,0.08447803331849475,0.08364329999312758,0.07884369997191243,0.09094709999044426,1.529642105102539,1.5307531356811523
Fixed Effects,linearmodels,large,600,15,9000,3,0.08856929999698575,0.08879300000262447,0.08500769999227487,0.0919071999960579,3.6960134506225586,3.699225425720215
Fixed Effects,native,small,120,10,1200,3,0.6290938000020105,0.593171499989694,0.5818054999981541,0.7123044000181835,3.1319313049316406,3.1392717361450195
Fixed Effects,native,medium,300,12,3600,3,28.24074589999509,27.02176080000936,25.174705999990692,32.52577089998522,23.06363519032796,23.069591522216797
Fixed Effects,native,large,600,15,9000,3,373.3992321666544,392.28795919998083,326.5325482999906,401.37718899999163,116.22221151987712,116.23738098144531
