model,term,coefficient,std_error,t_value,p_value
systemgmmkit_run_fixed_effects_spec,const,0.5405610030838547,9.444249051897597e-16,572370550705926.0,0.0
systemgmmkit_run_fixed_effects_spec,z_L1_risk,0.2722479676176218,3.041927756440419e-16,894984987862430.4,0.0
systemgmmkit_run_fixed_effects_spec,z_degradation_index,2.152196697768893e-16,7.190340787304624e-15,0.029931775995497244,0.9761214636170976
systemgmmkit_run_fixed_effects_spec,z_pc2,1.218517135827206e-15,1.5715767192221808e-15,0.775346899023985,0.4381347035610488
systemgmmkit_run_fixed_effects_spec,z_op_setting1,-1.2722375539800006e-16,8.515163244638101e-15,-0.014940847490870051,0.9880793719682022
systemgmmkit_run_fixed_effects_spec,z_op_setting2,3.523871853016276e-16,4.640907599368543e-15,0.07593066178468508,0.9394742626913613
systemgmmkit_run_fixed_effects_spec,z_op_setting3,-3.0095162987275246e-17,5.352275040699326e-15,-0.00562287303220184,0.9955136200610195
systemgmmkit_run_fixed_effects_spec,z_op_setting4,-6.225241724200976e-17,1.3218392747603826e-14,-0.004709530003433633,0.9962423526121926
