id,t,horizon,prediction
1,11.0,1,8.608275525566622
1,12.0,2,9.034551539061642
2,11.0,1,8.755963816053836
2,12.0,2,9.115780098829608
3,11.0,1,8.903652106541049
3,12.0,2,9.197008658597577
4,11.0,1,9.051340397028264
4,12.0,2,9.278237218365545
5,11.0,1,9.199028687515478
5,12.0,2,9.359465778133513
6,11.0,1,9.346716978002691
6,12.0,2,9.44069433790148
