cutoff,horizon,train_n,test_n,n,mae,mse,rmse,mape,smape,r2,error
7,1,42.0,6.0,6.0,2.9605947323337506e-16,5.259072701473412e-31,7.251946429389431e-16,2.8886676654504306e-15,2.8886676654504306e-15,1.0,
7,2,42.0,6.0,6.0,8.881784197001252e-16,1.5777218104420236e-30,1.2560739669470201e-15,8.448816855474658e-15,8.448816855474658e-15,1.0,
7,3,42.0,6.0,6.0,5.921189464667501e-16,1.0518145402946823e-30,1.0255800994045674e-15,5.510836100992616e-15,5.5108361009926175e-15,1.0,
8,1,48.0,6.0,6.0,1.1842378929335002e-15,2.1036290805893647e-30,1.4503892858778862e-15,1.1208146516744268e-14,1.1208146516744268e-14,1.0,
8,2,48.0,6.0,6.0,8.881784197001252e-16,1.5777218104420236e-30,1.2560739669470201e-15,8.154781594946181e-15,8.154781594946182e-15,1.0,
8,3,48.0,6.0,6.0,8.881784197001252e-16,1.5777218104420236e-30,1.2560739669470201e-15,7.760315978012746e-15,7.760315978012746e-15,1.0,
9,1,54.0,6.0,6.0,0.0,0.0,0.0,0.0,0.0,1.0,
9,2,54.0,6.0,6.0,8.881784197001252e-16,1.5777218104420236e-30,1.2560739669470201e-15,7.693162421802005e-15,7.693162421802005e-15,1.0,
9,3,54.0,6.0,6.0,8.881784197001252e-16,1.5777218104420236e-30,1.2560739669470201e-15,7.284897849061967e-15,7.284897849061967e-15,1.0,
