spec_id,lag_window,collapse,n,mae,mse,rmse,mape,smape,r2,diag_hansen_p,diag_ar2_p,diag_n_instruments,passes_diagnostics,error
1,"(2, 2)",True,12.0,4.238213537630114,18.048866748974458,4.248395785349389,51.42951132495459,69.2332571077133,-62.905715281967616,0.25,0.4,8.0,True,
2,"(2, 3)",True,12.0,4.238213537630114,18.048866748974458,4.248395785349389,51.42951132495459,69.2332571077133,-62.905715281967616,0.25,0.4,8.0,True,
3,"(2, 4)",True,12.0,4.238213537630114,18.048866748974458,4.248395785349389,51.42951132495459,69.2332571077133,-62.905715281967616,0.25,0.4,8.0,True,
