spec_id,lag_window,collapse,n,mae,mse,rmse,mape,smape,r2,diag_hansen_p,diag_ar2_p,diag_n_instruments,passes_diagnostics,error
1,"(2, 2)",True,12.0,0.5249999999999998,0.3412499999999998,0.5841660722773959,2.5875493818273547,2.6286905638281612,0.7570363777950833,0.22,0.35,10.0,True,
2,"(2, 3)",True,12.0,0.5249999999999998,0.3412499999999998,0.5841660722773959,2.5875493818273547,2.6286905638281612,0.7570363777950833,0.22,0.35,10.0,True,
3,"(2, 4)",True,12.0,0.5249999999999998,0.3412499999999998,0.5841660722773959,2.5875493818273547,2.6286905638281612,0.7570363777950833,0.22,0.35,10.0,True,
