model,n,mae,mse,rmse,mape,smape,r2,error
OLS full,72.0,7.654370964221218e-15,9.349919097124736e-29,9.66949796893548e-15,1.2195471863901477e-13,1.2195471863901456e-13,1.0,
OLS short,72.0,0.20314248816185965,0.05431240134883048,0.23305021207634735,2.227434813102712,2.217978576347239,0.9981547544075977,
