fold,train_n,test_n,n,mae,mse,rmse,mape,smape,r2
1.0,36.0,6.0,6.0,4.440892098500626e-15,2.1562198076040988e-29,4.643511395058807e-15,3.3905889418942815e-14,3.3905889418942815e-14,1.0
2.0,42.0,6.0,6.0,2.3684757858670005e-15,8.414516322357459e-30,2.9007785717557725e-15,1.6296119808086836e-14,1.629611980808684e-14,1.0
3.0,48.0,6.0,6.0,2.6645352591003757e-15,1.314768175368353e-29,3.625973214694716e-15,1.5854254418156878e-14,1.5854254418156878e-14,1.0
4.0,54.0,6.0,6.0,1.7763568394002505e-14,3.155443620884047e-28,1.7763568394002505e-14,1.0126478329554061e-13,1.0126478329554052e-13,1.0
