fold,train_n,test_n,n,mae,mse,rmse,mape,smape,r2
1.0,30.0,6.0,6.0,3.0346096006420944e-15,9.762153702110021e-30,3.1244445429724018e-15,7.027004264877784e-14,7.027004264877787e-14,1.0
2.0,36.0,6.0,6.0,2.960594732333751e-15,9.20337722757847e-30,3.033706846018328e-15,6.444330013698765e-14,6.444330013698767e-14,1.0
3.0,42.0,6.0,6.0,1.924386576016938e-15,4.0757813436418946e-30,2.018856444535345e-15,3.8866459115009776e-14,3.886645911500977e-14,1.0
