param,native_coef,native_std_err,native_z,native_p_value,covariance_type
L1.y,0.6049762803049417,0.07929609601211703,7.629332473221592,2.3597235356328977e-14,robust-clustered-two-step-windmeijer
x_long,0.5132748243043253,0.07307563310647888,7.023884740846923,2.157828362905556e-12,robust-clustered-two-step-windmeijer
x_short,0.819185791917691,0.39705472297232114,2.0631558939415937,0.03909781911751463,robust-clustered-two-step-windmeijer
w,-0.2885215472345754,0.033026968961836656,-8.735937820027264,2.41642876938252e-18,robust-clustered-two-step-windmeijer
c1,0.1737248642015703,0.027706280102126925,6.270234169336719,3.605055257779376e-10,robust-clustered-two-step-windmeijer
_con,0.1539506638149499,0.09144504717109221,1.6835320072273645,0.0922721486205101,robust-clustered-two-step-windmeijer
