param,native_coef,native_std_err,native_z,native_p_value,covariance_type
L1.y,0.5829869769406625,0.04933886101832027,11.815979633664234,3.227645599943082e-32,robust-clustered-two-step-windmeijer
x_long,0.44196820505493023,0.05924498289737475,7.460010678381251,8.651546819576369e-14,robust-clustered-two-step-windmeijer
x_short,0.6987214196259773,0.29808172247007647,2.3440599236879405,0.019075106413911434,robust-clustered-two-step-windmeijer
w,-0.2979617927049004,0.02243437654917791,-13.281483086982375,2.9646359270635865e-40,robust-clustered-two-step-windmeijer
c1,0.15260256221737248,0.023207735352284868,6.575504240328573,4.848856153289289e-11,robust-clustered-two-step-windmeijer
_con,0.21074131704973892,0.09360521771476892,2.2513842945369102,0.024361207991859334,robust-clustered-two-step-windmeijer
